{
  "partitions": [
    [
      3,
      4,
      5,
      9,
      11
    ],
    [
      15,
      1,
      6
    ],
    [
      13,
      8,
      19
    ],
    [
      0,
      7,
      14
    ],
    [
      2,
      10,
      16
    ],
    [
      18,
      17,
      12
    ]
  ],
  "GCMAscore": 183.0915086346479,
  "baseline-expected-time": 586.0497868126002,
  "ca-processing-order": {
    "3": [
      [
        0,
        0.0
      ],
      [
        1,
        15.04
      ],
      [
        2,
        30.08
      ],
      [
        0,
        73.0707117566517
      ],
      [
        2,
        92.94533115813367
      ],
      [
        1,
        110.79175294080085
      ],
      [
        2,
        177.73066231626734
      ],
      [
        0,
        180.08786452079033
      ],
      [
        1,
        239.42094278548782
      ]
    ],
    "1": [
      [
        0,
        15.744752877321897
      ],
      [
        1,
        43.56595887932981
      ],
      [
        7,
        60.20595887932981
      ],
      [
        7,
        140.6151133334952
      ],
      [
        0,
        154.42311164346842
      ],
      [
        1,
        194.894983906158
      ]
    ],
    "8": [
      [
        1,
        30.83790308933509
      ],
      [
        0,
        42.99790308933509
      ],
      [
        14,
        78.9723062954661
      ],
      [
        0,
        135.61505585347368
      ],
      [
        14,
        151.06176833911076
      ],
      [
        1,
        220.42303969615273
      ]
    ],
    "12": [
      [
        0,
        55.725958879329816
      ],
      [
        3,
        76.80700006347895
      ],
      [
        1,
        93.44700006347895
      ],
      [
        0,
        110.08700006347895
      ],
      [
        3,
        144.9714838744185
      ],
      [
        1,
        169.93148387441852
      ]
    ],
    "19": [
      [
        8,
        42.72855122535879
      ],
      [
        2,
        45.877903089335085
      ],
      [
        4,
        48.30731268657493
      ],
      [
        4,
        124.6963247702446
      ],
      [
        2,
        158.73275922693225
      ],
      [
        8,
        164.732810697296
      ]
    ],
    "16": [
      [
        6,
        51.780503266366416
      ],
      [
        2,
        58.52645431469388
      ],
      [
        6,
        79.94750332984538
      ],
      [
        14,
        91.62085752082488
      ],
      [
        14,
        129.45321711375198
      ],
      [
        2,
        137.12420800157346
      ]
    ],
    "17": [
      [
        6,
        32.96953294485627
      ],
      [
        2,
        73.81742463620402
      ],
      [
        7,
        78.47956578490236
      ],
      [
        6,
        102.27847365135553
      ],
      [
        2,
        109.51323768006331
      ],
      [
        7,
        112.58150642792266
      ]
    ],
    "4": [
      [
        3,
        0.0
      ],
      [
        4,
        15.36
      ],
      [
        5,
        30.72
      ],
      [
        4,
        80.50181872840976
      ],
      [
        5,
        91.33007886680775
      ],
      [
        3,
        108.24924196894874
      ],
      [
        4,
        168.04363745681954
      ],
      [
        5,
        183.62667968197465
      ],
      [
        3,
        244.6416763943349
      ]
    ],
    "0": [
      [
        12,
        19.203500031739473
      ],
      [
        10,
        38.40350003173947
      ],
      [
        3,
        57.60350003173947
      ],
      [
        12,
        156.65410655716403
      ],
      [
        10,
        185.45410655716404
      ],
      [
        3,
        214.25410655716405
      ]
    ],
    "2": [
      [
        8,
        56.16515111306283
      ],
      [
        5,
        59.69046887238268
      ],
      [
        3,
        94.64227312830552
      ],
      [
        3,
        124.09621080959195
      ],
      [
        5,
        143.77621080959196
      ],
      [
        8,
        143.77621080959196
      ]
    ],
    "14": [
      [
        7,
        29.17007991016322
      ],
      [
        4,
        32.509409597239845
      ],
      [
        11,
        53.95781536257285
      ],
      [
        4,
        143.69422785957968
      ],
      [
        11,
        174.83845721021567
      ],
      [
        7,
        197.39845721021567
      ]
    ],
    "6": [
      [
        12,
        41.121939760357535
      ],
      [
        14,
        60.31843972861806
      ],
      [
        4,
        61.52117925342295
      ],
      [
        4,
        97.24245820339657
      ],
      [
        12,
        127.53566682854594
      ],
      [
        14,
        170.3556349059588
      ]
    ],
    "13": [
      [
        13,
        38.40350003173947
      ],
      [
        5,
        46.56696884064321
      ],
      [
        11,
        86.38528372901716
      ],
      [
        11,
        130.09098884377136
      ],
      [
        5,
        163.45971084133143
      ],
      [
        13,
        171.30837153353443
      ]
    ],
    "7": [
      [
        6,
        15.185981719497478
      ],
      [
        9,
        19.021997826315562
      ],
      [
        5,
        73.32607093193941
      ],
      [
        5,
        107.41408680167609
      ],
      [
        6,
        129.1820248767143
      ],
      [
        9,
        152.95561563492663
      ]
    ],
    "5": [
      [
        6,
        0.0
      ],
      [
        7,
        14.08
      ],
      [
        8,
        28.16
      ],
      [
        6,
        65.8640032981059
      ],
      [
        8,
        86.76378572994813
      ],
      [
        7,
        97.29053610641252
      ],
      [
        6,
        156.20800659621182
      ],
      [
        8,
        183.4613619226548
      ],
      [
        7,
        220.9685371203789
      ]
    ],
    "15": [
      [
        13,
        52.01046887238268
      ],
      [
        10,
        59.19106986891031
      ],
      [
        8,
        69.77211995370604
      ],
      [
        8,
        102.47545150619021
      ],
      [
        13,
        147.78140269289122
      ],
      [
        10,
        153.6761235380555
      ]
    ],
    "9": [
      [
        9,
        0.0
      ],
      [
        10,
        17.28
      ],
      [
        11,
        34.56
      ],
      [
        9,
        71.15042992356227
      ],
      [
        10,
        95.5274888120319
      ],
      [
        11,
        112.8074888120319
      ],
      [
        9,
        180.6176134612422
      ],
      [
        10,
        215.9590343834796
      ],
      [
        11,
        241.87903438347962
      ]
    ],
    "18": [
      [
        9,
        36.305497858055034
      ],
      [
        12,
        59.22549098571633
      ],
      [
        10,
        76.50549098571634
      ],
      [
        12,
        101.11211560318715
      ],
      [
        9,
        127.03211560318715
      ],
      [
        10,
        127.03211560318715
      ]
    ],
    "10": [
      [
        9,
        54.042932097246705
      ],
      [
        11,
        70.50373250365837
      ],
      [
        13,
        85.86373250365837
      ],
      [
        9,
        90.17792774987784
      ],
      [
        13,
        124.16120039103369
      ],
      [
        11,
        150.29254006913015
      ]
    ],
    "11": [
      [
        12,
        0.0
      ],
      [
        13,
        19.2
      ],
      [
        14,
        38.4
      ],
      [
        12,
        79.20880329445174
      ],
      [
        13,
        103.09246644734603
      ],
      [
        14,
        107.97703731728843
      ],
      [
        13,
        190.9918715652739
      ],
      [
        14,
        199.47407463457688
      ],
      [
        12,
        228.2740746345769
      ]
    ]
  },
  "ca-expected-time": 291.68075100828355,