{
  "memory": 3,
  "partitions": [
    [
      2,
      3,
      8,
      9,
      17
    ],
    [
      0,
      6,
      19
    ],
    [
      12,
      10,
      5
    ],
    [
      11,
      4,
      1
    ],
    [
      13,
      15,
      16
    ],
    [
      7,
      18,
      14
    ]
  ],
  "GCMAscore": 48.823573290720624,
  "locations": [
    "Sofia",
    "Singapore",
    "Ireland",
    "Sydney",
    "Frankfurt",
    "Seoul",
    "Oregon",
    "Ohio",
    "Tokyo",
    "Amsterdam",
    "Virginia",
    "Sofia",
    "Singapore",
    "Ireland",
    "Sydney",
    "Frankfurt",
    "Seoul",
    "Oregon",
    "Ohio",
    "Tokyo"
  ],
  "baseline-sends": 15.0,
  "ours-sends": 9,
  "baseline-expected-time": 150.67850540280762,
  "ca-processing-order": {
    "2": [
      [
        0,
        0.0
      ],
      [
        1,
        3.552
      ],
      [
        2,
        7.104
      ],
      [
        1,
        20.208757942651633
      ],
      [
        2,
        22.70684750495014
      ],
      [
        0,
        29.12322935412432
      ],
      [
        1,
        38.88884822671737
      ],
      [
        2,
        41.06169500990028
      ],
      [
        0,
        59.30655131495793
      ]
    ],
    "0": [
      [
        0,
        3.5542500158697368
      ],
      [
        11,
        12.21491195657889
      ],
      [
        14,
        20.56450003173947
      ],
      [
        14,
        37.704301299088186
      ],
      [
        11,
        44.90430129908819
      ],
      [
        0,
        52.10430129908819
      ]
    ],
    "1": [
      [
        0,
        8.356500031739472
      ],
      [
        8,
        12.356500031739472
      ],
      [
        9,
        12.356500031739472
      ],
      [
        9,
        29.32845894932712
      ],
      [
        0,
        36.51379427977359
      ],
      [
        8,
        42.51379427977359
      ]
    ],
    "14": [
      [
        12,
        8.93851226805666
      ],
      [
        6,
        13.917333365351729
      ],
      [
        6,
        19.10585264780552
      ],
      [
        0,
        24.74585264780552
      ],
      [
        0,
        30.628606060443122
      ],
      [
        12,
        36.26860606044312
      ]
    ],
    "4": [
      [
        12,
        4.452409868746701
      ],
      [
        1,
        8.2924098687467
      ],
      [
        7,
        11.61180425040022
      ],
      [
        7,
        27.68293445765383
      ],
      [
        1,
        32.98910601655657
      ],
      [
        12,
        42.55470845975308
      ]
    ],
    "7": [
      [
        1,
        12.387857411892718
      ],
      [
        7,
        15.707251793546238
      ],
      [
        3,
        17.740555865273024
      ],
      [
        7,
        21.307486914507813
      ],
      [
        3,
        23.647091348635282
      ],
      [
        1,
        26.613658473410553
      ]
    ],
    "13": [
      [
        3,
        14.001905350383842
      ],
      [
        1,
        16.654507926781896
      ],
      [
        2,
        19.152597489080403
      ],
      [
        1,
        21.099007958521373
      ],
      [
        2,
        23.59709752081988
      ],
      [
        3,
        29.953741863524463
      ]
    ],
    "5": [
      [
        7,
        7.347637806339698
      ],
      [
        2,
        11.257139065593037
      ],
      [
        5,
        16.724704536956427
      ],
      [
        7,
        34.02710090171435
      ],
      [
        2,
        34.94055594430724
      ],
      [
        5,
        42.5523932616611
      ]
    ],
    "19": [
      [
        13,
        12.446782503825004
      ],
      [
        2,
        15.084776871932734
      ],
      [
        9,
        16.553263979238153
      ],
      [
        9,
        23.731695001828438
      ],
      [
        13,
        28.192293237465968
      ],
      [
        2,
        29.39291813796755
      ]
    ],
    "3": [
      [
        3,
        0.0
      ],
      [
        4,
        3.76
      ],
      [
        5,
        7.52
      ],
      [
        3,
        22.26382360695415
      ],
      [
        5,
        24.450474530366968
      ],
      [
        4,
        25.39047453036697
      ],
      [
        3,
        43.24931571138549
      ],
      [
        4,
        47.82276581682781
      ],
      [
        5,
        57.731024099078184
      ]
    ],
    "11": [
      [
        6,
        4.3996553345141045
      ],
      [
        3,
        9.199655334514105
      ],
      [
        4,
        9.199655334514105
      ],
      [
        3,
        35.2839918793942
      ],
      [
        4,
        39.85744198483652
      ],
      [
        6,
        48.74430129908819
      ]
    ],
    "6": [
      [
        10,
        8.32896195657889
      ],
      [
        5,
        12.32896195657889
      ],
      [
        4,
        16.32896195657889
      ],
      [
        4,
        33.0563800783878
      ],
      [
        10,
        45.24479746859578
      ],
      [
        5,
        51.24479746859578
      ]
    ],
    "18": [
      [
        13,
        16.35690006430579
      ],
      [
        4,
        20.49159976291859
      ],
      [
        8,
        20.89251954476175
      ],
      [
        13,
        21.76217567698518
      ],
      [
        8,
        26.492754665723325
      ],
      [
        4,
        26.7737422720481
      ]
    ],
    "16": [
      [
        6,
        9.873813387810923
      ],
      [
        5,
        20.406954552826164
      ],
      [
        14,
        26.03865808503629
      ],
      [
        14,
        31.51014324579136
      ],
      [
        5,
        37.030143245791365
      ],
      [
        6,
        42.55014324579137
      ]
    ],
    "8": [
      [
        6,
        0.0
      ],
      [
        7,
        3.6
      ],
      [
        8,
        7.2
      ],
      [
        6,
        17.941593006578625
      ],
      [
        7,
        20.097369354027027
      ],
      [
        8,
        25.28263710524254
      ],
      [
        7,
        39.69473870805405
      ],
      [
        8,
        48.71055822727227
      ],
      [
        6,
        56.7439566336023
      ]
    ],
    "10": [
      [
        13,
        8.225229856928692
      ],
      [
        14,
        12.225229856928692
      ],
      [
        8,
        16.929910984963833
      ],
      [
        8,
        32.73536322552124
      ],
      [
        13,
        33.97384588436228
      ],
      [
        14,
        45.4618297850101
      ]
    ],
    "9": [
      [
        9,
        0.0
      ],
      [
        10,
        3.92
      ],
      [
        11,
        7.84
      ],
      [
        10,
        21.01226966731433
      ],
      [
        9,
        21.992269667314332
      ],
      [
        11,
        25.66148975786034
      ],
      [
        9,
        44.64598978959981
      ],
      [
        11,
        52.55921325566708
      ],
      [
        10,
        58.439213255667084
      ]
    ],
    "12": [
      [
        9,
        3.9222500158697367
      ],
      [
        10,
        17.010019651444594
      ],
      [
        11,
        21.659239741990604
      ],
      [
        11,
        26.64373977373008
      ],
      [
        10,
        32.643739773730076
      ],
      [
        9,
        38.643739773730076
      ]
    ],
    "15": [
      [
        10,
        12.781371825325591
      ],
      [
        11,
        17.4305919158716
      ],
      [
        12,
        21.2705919158716
      ],
      [
        12,
        27.015411653365003
      ],
      [
        11,
        33.03238759984908
      ],
      [
        10,
        39.03238759984908
      ]
    ],