{
  "memory": 3,
  "partitions": [
    [
      4,
      5,
      6,
      10,
      15
    ],
    [
      7,
      8,
      17
    ],
    [
      18,
      16,
      3
    ],
    [
      13,
      19,
      14
    ],
    [
      9,
      1,
      12
    ],
    [
      2,
      0,
      11
    ]
  ],
  "GCMAscore": 49.2788271106133,
  "locations": [
    "Sofia",
    "Singapore",
    "Ireland",
    "Sydney",
    "Frankfurt",
    "Seoul",
    "Oregon",
    "Ohio",
    "Tokyo",
    "Amsterdam",
    "Virginia",
    "Sofia",
    "Singapore",
    "Ireland",
    "Sydney",
    "Frankfurt",
    "Seoul",
    "Oregon",
    "Ohio",
    "Tokyo"
  ],
  "baseline-sends": 15.0,
  "ours-sends": 9,
  "baseline-expected-time": 144.35903102838068,
  "ca-processing-order": {
    "4": [
      [
        0,
        0.0
      ],
      [
        1,
        3.84
      ],
      [
        2,
        7.68
      ],
      [
        1,
        21.94090039743362
      ],
      [
        2,
        28.385660555917973
      ],
      [
        0,
        29.345660555917974
      ],
      [
        1,
        43.40180079486724
      ],
      [
        0,
        51.179785876817796
      ],
      [
        2,
        56.939785876817794
      ]
    ],
    "7": [
      [
        3,
        4.0752978959804675
      ],
      [
        0,
        8.155297895980468
      ],
      [
        4,
        12.235297895980468
      ],
      [
        4,
        28.54970329289895
      ],
      [
        0,
        44.80433833367178
      ],
      [
        3,
        50.92433833367178
      ]
    ],
    "12": [
      [
        0,
        12.708850079550528
      ],
      [
        11,
        16.70885007955053
      ],
      [
        13,
        20.70885007955053
      ],
      [
        13,
        26.44614573178854
      ],
      [
        0,
        37.15466028263405
      ],
      [
        11,
        43.15466028263405
      ]
    ],
    "18": [
      [
        1,
        7.935447543146016
      ],
      [
        3,
        13.059261809138247
      ],
      [
        3,
        18.84985760109918
      ],
      [
        0,
        24.969857601099182
      ],
      [
        0,
        30.56110809906399
      ],
      [
        1,
        37.026353251721225
      ]
    ],
    "8": [
      [
        1,
        12.325565103626806
      ],
      [
        8,
        12.335008770504144
      ],
      [
        5,
        14.869887822209433
      ],
      [
        5,
        30.045447059744834
      ],
      [
        1,
        31.316235691240433
      ],
      [
        8,
        36.22626957567808
      ]
    ],
    "0": [
      [
        6,
        7.937589407931287
      ],
      [
        9,
        13.076780319402397
      ],
      [
        1,
        16.72522043814091
      ],
      [
        9,
        19.951837291246225
      ],
      [
        1,
        23.31658035672633
      ],
      [
        6,
        24.801236577346227
      ]
    ],
    "13": [
      [
        6,
        4.38333939206155
      ],
      [
        10,
        7.8660491304511115
      ],
      [
        2,
        11.659742210160802
      ],
      [
        6,
        32.00348659321596
      ],
      [
        10,
        37.960257218916716
      ],
      [
        2,
        49.86563990985764
      ]
    ],
    "9": [
      [
        3,
        8.647279852559357
      ],
      [
        2,
        15.213992226030538
      ],
      [
        14,
        20.097729121498496
      ],
      [
        14,
        27.44288986224843
      ],
      [
        3,
        33.32288986224843
      ],
      [
        2,
        43.983389893987905
      ]
    ],
    "2": [
      [
        14,
        16.54347910562876
      ],
      [
        2,
        24.69391834575717
      ],
      [
        11,
        28.24591834575717
      ],
      [
        11,
        33.13001660665939
      ],
      [
        2,
        38.65313987811817
      ],
      [
        14,
        43.98113987811817
      ]
    ],
    "5": [
      [
        3,
        0.0
      ],
      [
        4,
        3.68
      ],
      [
        5,
        7.36
      ],
      [
        3,
        17.534559705118713
      ],
      [
        4,
        20.97250059443971
      ],
      [
        5,
        22.85766744097713
      ],
      [
        4,
        40.58725120474916
      ],
      [
        5,
        41.11533488195427
      ],
      [
        3,
        57.439636229652244
      ]
    ],
    "16": [
      [
        4,
        7.362250015869737
      ],
      [
        5,
        11.042250015869737
      ],
      [
        8,
        19.684896592713578
      ],
      [
        8,
        25.15638175346865
      ],
      [
        4,
        35.06500118887942
      ],
      [
        5,
        35.59308486608453
      ]
    ],
    "1": [
      [
        10,
        11.851117396657752
      ],
      [
        6,
        12.739839423801023
      ],
      [
        4,
        16.788850079550528
      ],
      [
        6,
        18.79898656147649
      ],
      [
        4,
        22.07615110932889
      ],
      [
        10,
        31.52718895271008
      ]
    ],
    "14": [
      [
        14,
        12.16610239930996
      ],
      [
        7,
        16.250726662221883
      ],
      [
        5,
        18.73414746343633
      ],
      [
        7,
        21.983179923186704
      ],
      [
        5,
        24.141187418517937
      ],
      [
        14,
        49.926516584436975
      ]
    ],
    "6": [
      [
        6,
        0.0
      ],
      [
        7,
        4.0
      ],
      [
        8,
        8.0
      ],
      [
        6,
        17.269412992638756
      ],
      [
        7,
        20.496953292704294
      ],
      [
        8,
        23.760639173091114
      ],
      [
        6,
        37.714825985277514
      ],
      [
        7,
        39.75390658540858
      ],
      [
        8,
        41.961278346182226
      ]
    ],
    "17": [
      [
        9,
        4.065229856928692
      ],
      [
        12,
        4.2924098687467005
      ],
      [
        7,
        8.002250015869736
      ],
      [
        7,
        33.751656569538845
      ],
      [
        9,
        34.04338775371993
      ],
      [
        12,
        38.13279234605564
      ]
    ],
    "3": [
      [
        9,
        8.551456487411102
      ],
      [
        12,
        8.778636499229108
      ],
      [
        7,
        12.488476646352144
      ],
      [
        7,
        27.625429939056442
      ],
      [
        9,
        27.91716112323752
      ],
      [
        12,
        32.00656571557323
      ]
    ],
    "19": [
      [
        13,
        8.250226630482409
      ],
      [
        11,
        11.901552646896311
      ],
      [
        8,
        15.93725878637388
      ],
      [
        8,
        30.82401955980835
      ],
      [
        13,
        43.03237619413168
      ],
      [
        11,
        49.35142423013273
      ]
    ],
    "10": [
      [
        9,
        0.0
      ],
      [
        10,
        3.84
      ],
      [
        11,
        7.68
      ],
      [
        9,
        18.43430880532431
      ],
      [
        10,
        22.80741045091843
      ],
      [
        11,
        31.983967476208278
      ],
      [
        9,
        40.26861761064862
      ],
      [
        10,
        43.47430634936783
      ],
      [
        11,
        55.13297687702904
      ]
    ],
    "11": [
      [
        13,
        12.649881964996514
      ],
      [
        10,
        17.449881964996514
      ],
      [
        12,
        17.449881964996514
      ],
      [
        12,
        24.041241883581936
      ],
      [
        10,
        24.324938936840343
      ],
      [
        13,
        32.448395747658275
      ]
    ],