{
  "memory": 3,
  "partitions": [
    [
      1,
      4,
      13,
      15,
      18
    ],
    [
      17,
      10,
      9
    ],
    [
      19,
      2,
      8
    ],
    [
      3,
      6,
      7
    ],
    [
      14,
      5,
      16
    ],
    [
      0,
      11,
      12
    ]
  ],
  "GCMAscore": 93.57721371433864,
  "locations": [
    "Sofia",
    "Singapore",
    "Ireland",
    "Sydney",
    "Frankfurt",
    "Seoul",
    "Oregon",
    "Ohio",
    "Tokyo",
    "Amsterdam",
    "Virginia",
    "Sofia",
    "Singapore",
    "Ireland",
    "Sydney",
    "Frankfurt",
    "Seoul",
    "Oregon",
    "Ohio",
    "Tokyo"
  ],
  "baseline-sends": 15.0,
  "ours-sends": 9,
  "baseline-expected-time": 309.518243938139,
  "ca-processing-order": {
    "1": [
      [
        0,
        0.0
      ],
      [
        1,
        8.32
      ],
      [
        2,
        16.64
      ],
      [
        0,
        34.00890693152216
      ],
      [
        2,
        48.68439873456562
      ],
      [
        1,
        69.72189051548138
      ],
      [
        0,
        79.77781386304432
      ],
      [
        2,
        91.60879746913125
      ],
      [
        1,
        115.01748806634896
      ]
    ],
    "10": [
      [
        0,
        9.236821906448721
      ],
      [
        1,
        17.55682190644872
      ],
      [
        4,
        25.23682190644872
      ],
      [
        0,
        67.3409919565956
      ],
      [
        4,
        87.43873477343739
      ],
      [
        1,
        102.58066615990025
      ]
    ],
    "3": [
      [
        3,
        8.707204798619921
      ],
      [
        4,
        16.38720479861992
      ],
      [
        0,
        17.76828047699148
      ],
      [
        0,
        55.20953338605284
      ],
      [
        3,
        67.40643547301995
      ],
      [
        4,
        99.81019334398015
      ]
    ],
    "12": [
      [
        3,
        16.625581237280873
      ],
      [
        0,
        25.68665691565243
      ],
      [
        7,
        28.32675004760921
      ],
      [
        0,
        42.3311569473919
      ],
      [
        7,
        49.63419111163944
      ],
      [
        3,
        54.528059034359
      ]
    ],
    "2": [
      [
        7,
        13.122250015869735
      ],
      [
        1,
        25.531097519128117
      ],
      [
        11,
        42.86705457922615
      ],
      [
        11,
        57.61802341986937
      ],
      [
        7,
        75.07869114337892
      ],
      [
        1,
        92.44639054722084
      ]
    ],
    "11": [
      [
        6,
        16.910937184146068
      ],
      [
        9,
        26.82702066244081
      ],
      [
        9,
        45.71964049961165
      ],
      [
        1,
        60.11964049961165
      ],
      [
        1,
        78.04414053135112
      ],
      [
        6,
        92.44414053135111
      ]
    ],
    "7": [
      [
        6,
        6.856301029778363
      ],
      [
        5,
        23.451503967434167
      ],
      [
        2,
        25.710104367140122
      ],
      [
        5,
        75.9411912109582
      ],
      [
        2,
        77.89869310199113
      ],
      [
        6,
        108.25877668571881
      ]
    ],
    "16": [
      [
        6,
        27.81054208237784
      ],
      [
        11,
        34.85054208237784
      ],
      [
        2,
        34.98259522688886
      ],
      [
        6,
        43.36356707607446
      ],
      [
        2,
        66.70620224224238
      ],
      [
        11,
        68.43453591671766
      ]
    ],
    "19": [
      [
        10,
        16.277453260964815
      ],
      [
        5,
        32.58173908839574
      ],
      [
        2,
        42.28387083956826
      ],
      [
        2,
        57.32492662956298
      ],
      [
        5,
        66.33095608999662
      ],
      [
        10,
        84.34033970826178
      ]
    ],
    "4": [
      [
        3,
        0.0
      ],
      [
        4,
        7.68
      ],
      [
        5,
        15.36
      ],
      [
        3,
        34.142477797078136
      ],
      [
        5,
        46.89634758919618
      ],
      [
        4,
        56.58117541144359
      ],
      [
        3,
        79.71364027163987
      ],
      [
        5,
        89.31269517839236
      ],
      [
        4,
        112.11739814260007
      ]
    ],
    "14": [
      [
        9,
        18.075272998458217
      ],
      [
        3,
        25.595272998458217
      ],
      [
        10,
        25.595272998458217
      ],
      [
        3,
        42.849682595698056
      ],
      [
        9,
        61.35138816359424
      ],
      [
        10,
        72.63138816359424
      ]
    ],
    "0": [
      [
        12,
        16.490665789989787
      ],
      [
        13,
        36.574865492858166
      ],
      [
        4,
        46.17486549285817
      ],
      [
        13,
        57.64413780159358
      ],
      [
        4,
        72.04413780159358
      ],
      [
        12,
        79.467485330029
      ]
    ],
    "5": [
      [
        8,
        26.75907555653141
      ],
      [
        14,
        32.75151073364098
      ],
      [
        5,
        38.92301470107514
      ],
      [
        5,
        55.509680477317225
      ],
      [
        8,
        65.67136835755042
      ],
      [
        14,
        79.95939322436625
      ]
    ],
    "13": [
      [
        6,
        0.0
      ],
      [
        7,
        6.56
      ],
      [
        8,
        13.12
      ],
      [
        6,
        35.82705457922615
      ],
      [
        7,
        42.38705457922615
      ],
      [
        8,
        44.60120441267224
      ],
      [
        7,
        84.92094115924866
      ],
      [
        8,
        86.35044391408184
      ],
      [
        6,
        121.51507771549717
      ]
    ],
    "9": [
      [
        7,
        19.68450003173947
      ],
      [
        11,
        23.88206391315778
      ],
      [
        14,
        41.01274839762357
      ],
      [
        7,
        62.11644112750918
      ],
      [
        14,
        65.77815556038365
      ],
      [
        11,
        80.21577358070026
      ]
    ],
    "8": [
      [
        12,
        9.130235120961578
      ],
      [
        8,
        20.417799943852014
      ],
      [
        14,
        26.410235120961577
      ],
      [
        8,
        76.49264397022982
      ],
      [
        14,
        90.78066883704565
      ],
      [
        12,
        95.14791599905722
      ]
    ],
    "17": [
      [
        13,
        26.358525628549135
      ],
      [
        8,
        35.158525628549135
      ],
      [
        10,
        35.158525628549135
      ],
      [
        8,
        51.80388319679534
      ],
      [
        10,
        53.355150318519634
      ],
      [
        13,
        73.46047766590262
      ]
    ],
    "15": [
      [
        9,
        0.0
      ],
      [
        10,
        7.68
      ],
      [
        11,
        15.36
      ],
      [
        9,
        37.23333058102623
      ],
      [
        10,
        44.91333058102623
      ],
      [
        11,
        49.68253899954776
      ],
      [
        11,
        94.01783749385804
      ],
      [
        10,
        94.3777929692266
      ],
      [
        9,
        113.82454741926576
      ]
    ],
    "6": [
      [
        9,
        8.441819737493402
      ],
      [
        13,
        17.556275612679396
      ],
      [
        12,
        27.50700565429882
      ],
      [
        12,
        45.499556879657604
      ],
      [
        13,
        86.66272768177235
      ],
      [
        9,
        99.86272768177236
      ]
    ],