{
  "partitions": [
    [
      1,
      3,
      4,
      10,
      15
    ],
    [
      9,
      14,
      18
    ],
    [
      13,
      8,
      19
    ],
    [
      11,
      12,
      17
    ],
    [
      16,
      5,
      2
    ],
    [
      7,
      6,
      0
    ]
  ],
  "GCMAscore": 92.04802386976961,
  "locations": [
    "Sofia",
    "Singapore",
    "Ireland",
    "Sydney",
    "Frankfurt",
    "Seoul",
    "Oregon",
    "Ohio",
    "Tokyo",
    "Amsterdam",
    "Virginia",
    "Sofia",
    "Singapore",
    "Ireland",
    "Sydney",
    "Frankfurt",
    "Seoul",
    "Oregon",
    "Ohio",
    "Tokyo"
  ],
  "baseline-sends": 15.0,
  "ours-sends": 9,
  "baseline-expected-time": 304.2353832223588,
  "ca-processing-order": {
    "1": [
      [
        0,
        0.0
      ],
      [
        1,
        8.32
      ],
      [
        2,
        16.64
      ],
      [
        0,
        39.60287647040042
      ],
      [
        1,
        40.58738716116324
      ],
      [
        2,
        55.293802938331424
      ],
      [
        0,
        85.52833506616544
      ],
      [
        1,
        85.7065392896046
      ],
      [
        2,
        102.1861561714052
      ]
    ],
    "8": [
      [
        0,
        8.64052789499736
      ],
      [
        5,
        22.988951544667543
      ],
      [
        8,
        23.957453260964815
      ],
      [
        0,
        76.08780717116808
      ],
      [
        8,
        81.56660764060436
      ],
      [
        5,
        86.14752723096916
      ]
    ],
    "0": [
      [
        0,
        16.00095856402557
      ],
      [
        12,
        26.24890979648025
      ],
      [
        10,
        33.55054977284424
      ],
      [
        12,
        45.14152963365109
      ],
      [
        10,
        52.819743716531896
      ],
      [
        0,
        60.40737650213988
      ]
    ],
    "12": [
      [
        3,
        7.918376438660949
      ],
      [
        4,
        22.960626454530686
      ],
      [
        0,
        31.280626454530687
      ],
      [
        0,
        47.92512648627015
      ],
      [
        4,
        63.30390615553546
      ],
      [
        3,
        89.22390615553547
      ]
    ],
    "9": [
      [
        1,
        16.642250015869738
      ],
      [
        5,
        30.30915221369575
      ],
      [
        8,
        38.559966537626806
      ],
      [
        8,
        56.56409436394237
      ],
      [
        5,
        71.94732656194095
      ],
      [
        1,
        72.74428927373486
      ]
    ],
    "19": [
      [
        13,
        16.277453260964815
      ],
      [
        1,
        26.522450684897947
      ],
      [
        7,
        27.04674058761363
      ],
      [
        1,
        62.38408860470665
      ],
      [
        7,
        70.72093143775629
      ],
      [
        13,
        88.96628692522664
      ]
    ],
    "2": [
      [
        9,
        17.506138497980487
      ],
      [
        3,
        25.924781835579434
      ],
      [
        1,
        33.340250628749956
      ],
      [
        3,
        41.96628866085463
      ],
      [
        1,
        51.806288660854634
      ],
      [
        9,
        55.798415493941455
      ]
    ],
    "18": [
      [
        13,
        22.847688381926393
      ],
      [
        2,
        31.487688381926393
      ],
      [
        7,
        40.12768838192639
      ],
      [
        7,
        57.27069631679472
      ],
      [
        13,
        75.51605180426508
      ],
      [
        2,
        88.47605180426507
      ]
    ],
    "13": [
      [
        11,
        23.334275612679395
      ],
      [
        2,
        40.42398941170475
      ],
      [
        14,
        46.983989411704755
      ],
      [
        14,
        65.33771920942658
      ],
      [
        2,
        75.44361646495808
      ],
      [
        11,
        85.28361646495809
      ]
    ],
    "5": [
      [
        12,
        17.909304898248475
      ],
      [
        14,
        32.16624475370153
      ],
      [
        2,
        47.96050190855306
      ],
      [
        2,
        63.90710396810979
      ],
      [
        12,
        74.46710396810978
      ],
      [
        14,
        76.15423170627489
      ]
    ],
    "3": [
      [
        3,
        0.0
      ],
      [
        4,
        7.52
      ],
      [
        5,
        15.04
      ],
      [
        3,
        33.46553524821703
      ],
      [
        4,
        41.37226630503307
      ],
      [
        5,
        49.48823938781835
      ],
      [
        5,
        95.6964787756367
      ],
      [
        4,
        106.9764787756367
      ],
      [
        3,
        118.25647877563671
      ]
    ],
    "7": [
      [
        3,
        16.98848080580107
      ],
      [
        4,
        32.03073082167081
      ],
      [
        13,
        40.67073082167081
      ],
      [
        4,
        49.59380178839534
      ],
      [
        13,
        62.55380178839534
      ],
      [
        3,
        75.51380178839534
      ]
    ],
    "14": [
      [
        4,
        15.042250015869735
      ],
      [
        14,
        24.06720479861992
      ],
      [
        11,
        40.72827329253172
      ],
      [
        11,
        57.63119043361724
      ],
      [
        4,
        76.18228259419641
      ],
      [
        14,
        87.46228259419641
      ]
    ],
    "6": [
      [
        9,
        24.708817282103585
      ],
      [
        6,
        27.09339997757227
      ],
      [
        5,
        39.85478612685353
      ],
      [
        9,
        41.95573670981835
      ],
      [
        6,
        45.09703945255908
      ],
      [
        5,
        57.841692648783166
      ]
    ],
    "4": [
      [
        6,
        0.0
      ],
      [
        7,
        7.68
      ],
      [
        8,
        15.36
      ],
      [
        6,
        36.65521971506568
      ],
      [
        8,
        48.04203045078459
      ],
      [
        7,
        49.179192349360555
      ],
      [
        6,
        86.03043943013134
      ],
      [
        8,
        91.60406090156918
      ],
      [
        7,
        96.3276720253699
      ]
    ],
    "11": [
      [
        6,
        8.48630991858542
      ],
      [
        7,
        16.16630991858542
      ],
      [
        11,
        29.89652562854913
      ],
      [
        11,
        70.14293809759982
      ],
      [
        6,
        70.82412951154593
      ],
      [
        7,
        81.1213621067845
      ]
    ],
    "16": [
      [
        6,
        19.385914816817195
      ],
      [
        10,
        25.210944874612462
      ],
      [
        8,
        30.29872887364421
      ],
      [
        6,
        58.96452461331416
      ],
      [
        10,
        68.51934861476367
      ],
      [
        8,
        70.74533202792496
      ]
    ],
    "10": [
      [
        9,
        0.0
      ],
      [
        10,
        7.68
      ],
      [
        11,
        15.36
      ],
      [
        9,
        33.89227699596097
      ],
      [
        10,
        44.14514674468807
      ],
      [
        11,
        49.09973186307448
      ],
      [
        9,
        79.86455399192195
      ],
      [
        10,
        93.33029348937615
      ],
      [
        11,
        95.41789207763749
      ]
    ],
    "17": [
      [
        9,
        8.063459713857386
      ],
      [
        12,
        8.441819737493402
      ],
      [
        10,
        15.743459713857385
      ],
      [
        9,
        66.28109427806456
      ],
      [
        10,
        79.74683377551875
      ],
      [
        12,
        85.69458912886486
      ]
    ],