{
  "memory": 3,
  "partitions": [
    [
      3,
      4,
      5,
      9,
      11
    ],
    [
      12,
      15,
      16
    ],
    [
      0,
      6,
      18
    ],
    [
      13,
      19,
      10
    ],
    [
      7,
      1,
      17
    ],
    [
      2,
      8,
      14
    ]
  ],
  "GCMAscore": 48.82688307407104,
  "locations": [
    "Sofia",
    "Singapore",
    "Ireland",
    "Sydney",
    "Frankfurt",
    "Seoul",
    "Oregon",
    "Ohio",
    "Tokyo",
    "Amsterdam",
    "Virginia",
    "Sofia",
    "Singapore",
    "Ireland",
    "Sydney",
    "Frankfurt",
    "Seoul",
    "Oregon",
    "Ohio",
    "Tokyo"
  ],
  "baseline-sends": 15.0,
  "ours-sends": 9,
  "baseline-expected-time": 144.73195712339327,
  "ca-processing-order": {
    "3": [
      [
        0,
        0.0
      ],
      [
        1,
        3.76
      ],
      [
        2,
        7.52
      ],
      [
        0,
        17.002470801973107
      ],
      [
        1,
        28.239944111210395
      ],
      [
        2,
        33.24988122190982
      ],
      [
        0,
        41.60685698166947
      ],
      [
        2,
        51.28754866288694
      ],
      [
        1,
        58.124665944496805
      ]
    ],
    "6": [
      [
        0,
        4.246226630482409
      ],
      [
        7,
        7.755742580377538
      ],
      [
        12,
        9.33182358470747
      ],
      [
        12,
        26.13844742934438
      ],
      [
        7,
        33.77973582816344
      ],
      [
        0,
        35.12063035118707
      ]
    ],
    "8": [
      [
        0,
        8.581235400986552
      ],
      [
        6,
        19.17034596800352
      ],
      [
        6,
        23.98562158068292
      ],
      [
        0,
        29.385621580682923
      ],
      [
        2,
        29.385621580682923
      ],
      [
        2,
        34.45414086313671
      ]
    ],
    "17": [
      [
        7,
        11.757992596247274
      ],
      [
        0,
        12.516244171490696
      ],
      [
        12,
        13.334073600577206
      ],
      [
        0,
        18.428697432455518
      ],
      [
        12,
        20.136197413474644
      ],
      [
        7,
        27.7774858122937
      ]
    ],
    "15": [
      [
        1,
        13.85567995929271
      ],
      [
        11,
        18.050079061386295
      ],
      [
        13,
        21.890079061386295
      ],
      [
        13,
        36.09406351344738
      ],
      [
        11,
        45.95856354518685
      ],
      [
        1,
        51.718563545186846
      ]
    ],
    "0": [
      [
        9,
        4.374911956578891
      ],
      [
        6,
        9.17491195657889
      ],
      [
        1,
        18.11135991858542
      ],
      [
        1,
        36.54852830383537
      ],
      [
        9,
        43.74852830383537
      ],
      [
        6,
        50.948528303835374
      ]
    ],
    "7": [
      [
        6,
        14.780228407522733
      ],
      [
        4,
        18.860228407522733
      ],
      [
        1,
        23.716676369529264
      ],
      [
        1,
        29.623211852891526
      ],
      [
        6,
        35.74321185289153
      ],
      [
        4,
        41.863211852891524
      ]
    ],
    "16": [
      [
        10,
        8.594813831991296
      ],
      [
        8,
        11.042250015869737
      ],
      [
        2,
        11.643519977540805
      ],
      [
        10,
        36.16955386719324
      ],
      [
        8,
        36.57340119945062
      ],
      [
        2,
        45.404028685346134
      ]
    ],
    "19": [
      [
        8,
        14.869887822209433
      ],
      [
        2,
        15.471157783880502
      ],
      [
        14,
        18.599013963368414
      ],
      [
        8,
        31.025763393110925
      ],
      [
        14,
        34.858180909804794
      ],
      [
        2,
        39.85639087900644
      ]
    ],
    "4": [
      [
        3,
        0.0
      ],
      [
        4,
        3.84
      ],
      [
        5,
        7.68
      ],
      [
        3,
        21.30197244881607
      ],
      [
        5,
        24.41581415036084
      ],
      [
        4,
        27.277925966538486
      ],
      [
        3,
        42.75679826331746
      ],
      [
        5,
        44.08762830072169
      ],
      [
        4,
        53.63760457794151
      ]
    ],
    "18": [
      [
        3,
        4.095447543146016
      ],
      [
        5,
        11.775447543146017
      ],
      [
        4,
        22.94247842339247
      ],
      [
        4,
        28.493373509684503
      ],
      [
        3,
        36.38135072017144
      ],
      [
        5,
        37.71218075757567
      ]
    ],
    "1": [
      [
        9,
        9.177161972448626
      ],
      [
        3,
        13.177161972448626
      ],
      [
        10,
        13.177161972448626
      ],
      [
        9,
        23.907798536601383
      ],
      [
        3,
        29.907798536601383
      ],
      [
        10,
        29.985903352304057
      ]
    ],
    "13": [
      [
        4,
        7.819742210160802
      ],
      [
        5,
        16.042098058035197
      ],
      [
        3,
        17.610230238655266
      ],
      [
        3,
        22.401714658976875
      ],
      [
        5,
        32.19753024268649
      ],
      [
        4,
        48.1698623677807
      ]
    ],
    "12": [
      [
        12,
        4.8022500158697365
      ],
      [
        14,
        14.402250015869734
      ],
      [
        5,
        20.027166324241836
      ],
      [
        5,
        25.764461976479847
      ],
      [
        12,
        32.668020998182115
      ],
      [
        14,
        40.454944857303474
      ]
    ],
    "5": [
      [
        6,
        0.0
      ],
      [
        7,
        3.68
      ],
      [
        8,
        7.36
      ],
      [
        7,
        20.367739204270485
      ],
      [
        6,
        22.91798377434322
      ],
      [
        8,
        23.837983774343222
      ],
      [
        7,
        40.175478408540975
      ],
      [
        8,
        42.09565121532036
      ],
      [
        6,
        58.8226863571322
      ]
    ],
    "14": [
      [
        7,
        16.244219226729683
      ],
      [
        8,
        18.73414746343633
      ],
      [
        7,
        21.65125918181129
      ],
      [
        14,
        22.46327360459531
      ],
      [
        8,
        25.121503751884028
      ],
      [
        14,
        28.953921268577904
      ]
    ],
    "9": [
      [
        9,
        0.0
      ],
      [
        10,
        3.92
      ],
      [
        11,
        7.84
      ],
      [
        9,
        17.164480254525007
      ],
      [
        10,
        22.175010442500806
      ],
      [
        11,
        39.50857131915631
      ],
      [
        10,
        42.44436769918453
      ],
      [
        9,
        51.403440260414264
      ],
      [
        11,
        58.18859607723011
      ]
    ],
    "2": [
      [
        9,
        13.610230238655268
      ],
      [
        9,
        18.146730270394745
      ],
      [
        13,
        25.8698212715471
      ],
      [
        13,
        30.626321303286574
      ],
      [
        11,
        35.95432130328658
      ],
      [
        11,
        40.49082133502604
      ]
    ],
    "10": [
      [
        13,
        10.157528485921913
      ],
      [
        11,
        13.997528485921913
      ],
      [
        10,
        17.837528485921915
      ],
      [
        10,
        23.652492399079698
      ],
      [
        13,
        44.08487046547715
      ],
      [
        11,
        51.93111412065122
      ]
    ],