{
  "partitions": [
    [
      1,
      3,
      4,
      14,
      15
    ],
    [
      12,
      7,
      11
    ],
    [
      8,
      13,
      19
    ],
    [
      17,
      18,
      9
    ],
    [
      16,
      5,
      2
    ],
    [
      10,
      6,
      0
    ]
  ],
  "GCMAscore": 46.75266696604741,
  "baseline-expected-time": 154.32612233251885,
  "ca-processing-order": {
    "1": [
      [
        0,
        0.0
      ],
      [
        1,
        4.16
      ],
      [
        2,
        8.32
      ],
      [
        0,
        17.446500031739475
      ],
      [
        1,
        21.606500031739476
      ],
      [
        2,
        30.279842987809673
      ],
      [
        1,
        42.39491396703391
      ],
      [
        2,
        52.94355219634443
      ],
      [
        0,
        60.45966597017938
      ]
    ],
    "9": [
      [
        0,
        4.161625007934869
      ],
      [
        4,
        8.48162500793487
      ],
      [
        1,
        15.306788927359554
      ],
      [
        1,
        25.768125039674345
      ],
      [
        4,
        39.35872679217411
      ],
      [
        0,
        53.97804096224451
      ]
    ],
    "12": [
      [
        0,
        8.483250015869737
      ],
      [
        6,
        12.643250015869738
      ],
      [
        4,
        16.803250015869736
      ],
      [
        6,
        21.5240335180326
      ],
      [
        4,
        27.764033518032598
      ],
      [
        0,
        47.73641595430964
      ]
    ],
    "0": [
      [
        0,
        12.644875023804605
      ],
      [
        11,
        17.444875023804606
      ],
      [
        13,
        23.863431027789357
      ],
      [
        13,
        33.334790946374774
      ],
      [
        0,
        40.53479094637477
      ],
      [
        11,
        47.73479094637477
      ]
    ],
    "19": [
      [
        1,
        8.516763947498681
      ],
      [
        14,
        12.090226630482409
      ],
      [
        2,
        12.676763947498682
      ],
      [
        1,
        37.638150019535225
      ],
      [
        14,
        40.55633001980285
      ],
      [
        2,
        48.186788248845744
      ]
    ],
    "2": [
      [
        1,
        12.025163919424687
      ],
      [
        4,
        12.803250015869738
      ],
      [
        8,
        14.94136721809567
      ],
      [
        1,
        32.24975004760922
      ],
      [
        4,
        34.43710178423924
      ],
      [
        8,
        34.732865739712175
      ]
    ],
    "10": [
      [
        3,
        14.538230468973063
      ],
      [
        2,
        18.378230468973065
      ],
      [
        14,
        19.21986761076944
      ],
      [
        3,
        23.186689039515826
      ],
      [
        14,
        28.946689039515825
      ],
      [
        2,
        42.045235601949436
      ]
    ],
    "5": [
      [
        6,
        8.810997413591453
      ],
      [
        11,
        23.056192472920493
      ],
      [
        2,
        26.576192472920493
      ],
      [
        11,
        31.063232428002102
      ],
      [
        2,
        36.3432324280021
      ],
      [
        6,
        41.623232428002105
      ]
    ],
    "3": [
      [
        3,
        0.0
      ],
      [
        4,
        3.76
      ],
      [
        5,
        7.52
      ],
      [
        3,
        18.902459754244447
      ],
      [
        4,
        22.662459754244445
      ],
      [
        5,
        26.574082789533417
      ],
      [
        4,
        46.56763563281733
      ],
      [
        5,
        48.068165579066836
      ],
      [
        3,
        55.701739786300934
      ]
    ],
    "11": [
      [
        3,
        4.525323831991295
      ],
      [
        13,
        11.10136721809567
      ],
      [
        12,
        15.901367218095668
      ],
      [
        12,
        25.37272713668109
      ],
      [
        13,
        40.53641595430964
      ],
      [
        3,
        47.736415954309635
      ]
    ],
    "18": [
      [
        6,
        4.095251983717084
      ],
      [
        3,
        10.095621909175145
      ],
      [
        7,
        14.415621909175146
      ],
      [
        3,
        29.069297599313742
      ],
      [
        7,
        35.549297599313746
      ],
      [
        6,
        47.29897785787647
      ]
    ],
    "8": [
      [
        11,
        11.544475772333772
      ],
      [
        5,
        14.584475772333771
      ],
      [
        10,
        17.181372189732834
      ],
      [
        10,
        24.510323734400377
      ],
      [
        5,
        43.24368980673306
      ],
      [
        11,
        55.73444628088888
      ]
    ],
    "16": [
      [
        12,
        9.088152449124237
      ],
      [
        14,
        15.277864436822105
      ],
      [
        5,
        17.77211357867347
      ],
      [
        12,
        33.38404458579698
      ],
      [
        14,
        35.128692213463154
      ],
      [
        5,
        37.81605200039336
      ]
    ],
    "6": [
      [
        9,
        13.087530555955697
      ],
      [
        8,
        18.60470661015722
      ],
      [
        5,
        21.687856159051005
      ],
      [
        9,
        22.219983816920514
      ],
      [
        8,
        27.749526347650626
      ],
      [
        5,
        30.82030942001583
      ]
    ],
    "4": [
      [
        6,
        0.0
      ],
      [
        7,
        3.84
      ],
      [
        8,
        7.68
      ],
      [
        6,
        17.243641766951168
      ],
      [
        7,
        23.312498900827098
      ],
      [
        8,
        23.457116478903924
      ],
      [
        8,
        44.71423295780785
      ],
      [
        7,
        47.27569032436374
      ],
      [
        6,
        54.03422984159355
      ]
    ],
    "13": [
      [
        7,
        7.819742210160802
      ],
      [
        13,
        7.819742210160802
      ],
      [
        8,
        11.659742210160802
      ],
      [
        8,
        39.654490747647046
      ],
      [
        7,
        42.21594811420293
      ],
      [
        13,
        47.738040962244504
      ]
    ],
    "7": [
      [
        9,
        4.20326774168113
      ],
      [
        10,
        7.96326774168113
      ],
      [
        7,
        18.737246917110014
      ],
      [
        7,
        27.407750884544182
      ],
      [
        9,
        35.58424663119508
      ],
      [
        10,
        36.168428182452075
      ]
    ],
    "14": [
      [
        9,
        0.0
      ],
      [
        10,
        3.76
      ],
      [
        11,
        7.52
      ],
      [
        9,
        17.973757186438107
      ],
      [
        10,
        20.485847962066604
      ],
      [
        11,
        26.939712450461297
      ],
      [
        9,
        42.50751437287621
      ],
      [
        10,
        43.09169592413321
      ],
      [
        11,
        60.55892205322266
      ]
    ],
    "17": [
      [
        12,
        4.2924098687467005
      ],
      [
        9,
        8.685905548020829
      ],
      [
        10,
        12.445905548020827
      ],
      [
        9,
        28.821608824855385
      ],
      [
        10,
        29.405790376112382
      ],
      [
        12,
        39.059787166174516
      ]
    ],
    "15": [
      [
        12,
        0.0
      ],
      [
        13,
        3.84
      ],
      [
        14,
        7.68
      ],
      [
        12,
        21.11704717738838
      ],
      [
        14,
        23.27241818623382
      ],
      [
        13,
        29.079110987082068
      ],
      [
        14,
        45.68655665028526
      ],
      [
        12,
        46.112197034921216
      ],
      [
        13,
        52.79778317240531
      ]
    ]
  },
  "ca-expected-time": 68.29256276920825,