{
  "memory": 3,
  "partitions": [
    [
      1,
      2,
      4,
      14,
      15
    ],
    [
      10,
      7,
      9
    ],
    [
      5,
      16,
      12
    ],
    [
      6,
      0,
      3
    ],
    [
      8,
      13,
      19
    ],
    [
      17,
      18,
      11
    ]
  ],
  "GCMAscore": 49.48826625203042,
  "locations": [
    "Sofia",
    "Singapore",
    "Ireland",
    "Sydney",
    "Frankfurt",
    "Seoul",
    "Oregon",
    "Ohio",
    "Tokyo",
    "Amsterdam",
    "Virginia",
    "Sofia",
    "Singapore",
    "Ireland",
    "Sydney",
    "Frankfurt",
    "Seoul",
    "Oregon",
    "Ohio",
    "Tokyo"
  ],
  "baseline-sends": 15.0,
  "ours-sends": 9,
  "baseline-expected-time": 157.73793373893105,
  "ca-processing-order": {
    "1": [
      [
        0,
        0.0
      ],
      [
        1,
        4.16
      ],
      [
        2,
        8.32
      ],
      [
        0,
        18.23415649593967
      ],
      [
        2,
        24.10190462578625
      ],
      [
        1,
        31.779832141273562
      ],
      [
        0,
        42.38831299187933
      ],
      [
        2,
        45.00380925157251
      ],
      [
        1,
        54.98996278622625
      ]
    ],
    "3": [
      [
        0,
        4.558376438660949
      ],
      [
        4,
        11.545734183222155
      ],
      [
        2,
        12.878376438660949
      ],
      [
        4,
        31.301407209503402
      ],
      [
        0,
        36.46993655321838
      ],
      [
        2,
        39.08543281291156
      ]
    ],
    "10": [
      [
        4,
        6.854275612679395
      ],
      [
        0,
        9.08983500920371
      ],
      [
        1,
        9.236821906448721
      ],
      [
        0,
        29.858477982675623
      ],
      [
        4,
        37.672865780046166
      ],
      [
        1,
        48.313140879777535
      ]
    ],
    "18": [
      [
        3,
        9.496886170237438
      ],
      [
        0,
        13.164052128799545
      ],
      [
        4,
        15.927269666584415
      ],
      [
        0,
        23.14426086307979
      ],
      [
        4,
        24.11987172614114
      ],
      [
        3,
        25.893988261533643
      ]
    ],
    "5": [
      [
        13,
        8.613332888121045
      ],
      [
        11,
        21.118028633596808
      ],
      [
        1,
        24.638028633596807
      ],
      [
        11,
        29.47610854376003
      ],
      [
        1,
        42.36113453188287
      ],
      [
        13,
        55.17999745784205
      ]
    ],
    "8": [
      [
        2,
        16.987327983328495
      ],
      [
        8,
        18.1177881095277
      ],
      [
        1,
        28.4193042462762
      ],
      [
        2,
        34.09648126824401
      ],
      [
        1,
        36.260360036270924
      ],
      [
        8,
        37.601266286319195
      ]
    ],
    "16": [
      [
        5,
        10.816512496848306
      ],
      [
        8,
        14.336512496848306
      ],
      [
        2,
        20.28860359600789
      ],
      [
        2,
        28.555205655564613
      ],
      [
        8,
        42.422541898998595
      ],
      [
        5,
        62.37999745784205
      ]
    ],
    "2": [
      [
        3,
        0.0
      ],
      [
        4,
        3.28
      ],
      [
        5,
        6.56
      ],
      [
        3,
        17.39543721588554
      ],
      [
        4,
        20.543570696362778
      ],
      [
        5,
        42.92014759444509
      ],
      [
        4,
        46.20014759444509
      ],
      [
        3,
        47.46641701330435
      ],
      [
        5,
        68.63650995469035
      ]
    ],
    "0": [
      [
        3,
        3.2822500158697365
      ],
      [
        6,
        4.64630991858542
      ],
      [
        9,
        10.116171637729963
      ],
      [
        9,
        33.06416699743461
      ],
      [
        3,
        40.264166997434614
      ],
      [
        6,
        45.3012875796787
      ]
    ],
    "13": [
      [
        3,
        14.113187200015801
      ],
      [
        14,
        16.684313929027518
      ],
      [
        3,
        20.67768723175528
      ],
      [
        12,
        26.68674853748624
      ],
      [
        12,
        34.31771737812945
      ],
      [
        14,
        39.23771737812945
      ]
    ],
    "11": [
      [
        9,
        14.9184216535997
      ],
      [
        13,
        19.718421653599698
      ],
      [
        9,
        25.86191698156488
      ],
      [
        5,
        33.06191698156488
      ],
      [
        13,
        46.680392559610276
      ],
      [
        5,
        53.88039255961027
      ]
    ],
    "19": [
      [
        11,
        17.816753020917414
      ],
      [
        10,
        20.856753020917413
      ],
      [
        10,
        33.00602013334597
      ],
      [
        5,
        39.14234765059308
      ],
      [
        11,
        42.18234765059308
      ],
      [
        5,
        46.9379475382971
      ]
    ],
    "4": [
      [
        6,
        0.0
      ],
      [
        7,
        3.84
      ],
      [
        8,
        7.68
      ],
      [
        6,
        20.705347482394384
      ],
      [
        8,
        26.379527197923444
      ],
      [
        7,
        31.20588949085654
      ],
      [
        8,
        48.63587478711964
      ],
      [
        6,
        53.30759749826412
      ],
      [
        7,
        67.55255964423493
      ]
    ],
    "9": [
      [
        10,
        8.551877681286424
      ],
      [
        6,
        10.317893831743202
      ],
      [
        14,
        12.36206391315778
      ],
      [
        6,
        37.94970366652092
      ],
      [
        10,
        44.12879804421307
      ],
      [
        14,
        44.15996739399919
      ]
    ],
    "17": [
      [
        6,
        15.543527744900983
      ],
      [
        12,
        21.644069753363137
      ],
      [
        7,
        26.04406975336314
      ],
      [
        6,
        30.444069753363138
      ],
      [
        12,
        39.88039616225255
      ],
      [
        7,
        46.48039616225255
      ]
    ],
    "12": [
      [
        7,
        8.405783502162864
      ],
      [
        10,
        12.87412769715616
      ],
      [
        14,
        20.6514504614408
      ],
      [
        14,
        30.103017465766523
      ],
      [
        10,
        37.886548028343334
      ],
      [
        7,
        60.58677614207206
      ]
    ],
    "7": [
      [
        9,
        4.381535483362261
      ],
      [
        7,
        13.315887869302983
      ],
      [
        8,
        21.648023230489276
      ],
      [
        8,
        30.631031165357612
      ],
      [
        9,
        41.67880315180232
      ],
      [
        7,
        53.35667177493195
      ]
    ],
    "14": [
      [
        9,
        0.0
      ],
      [
        10,
        3.68
      ],
      [
        11,
        7.36
      ],
      [
        9,
        20.95016931758229
      ],
      [
        11,
        25.21706858867842
      ],
      [
        10,
        28.89706858867842
      ],
      [
        10,
        51.800675725499495
      ],
      [
        9,
        57.547669167466545
      ],
      [
        11,
        63.06766916746655
      ]
    ],
    "6": [
      [
        11,
        12.841819737493402
      ],
      [
        12,
        17.2418197374934
      ],
      [
        13,
        25.934761517908733
      ],
      [
        13,
        38.664052695301244
      ],
      [
        11,
        49.62861969263795
      ],
      [
        12,
        56.22861969263795
      ]
    ],