{
  "partitions": [
    [
      1,
      10,
      11,
      14,
      17
    ],
    [
      12,
      15,
      16
    ],
    [
      0,
      4,
      5
    ],
    [
      13,
      18,
      19
    ],
    [
      8,
      9,
      7
    ],
    [
      3,
      2,
      6
    ]
  ],
  "GCMAscore": 100.82302044294744,
  "baseline-expected-time": 345.47824409581744,
  "ca-processing-order": {
    "1": [
      [
        0,
        0.0
      ],
      [
        1,
        4.5
      ],
      [
        2,
        9.0
      ],
      [
        2,
        33.38102566257349
      ],
      [
        0,
        44.99199297332939
      ],
      [
        1,
        49.49199297332939
      ],
      [
        2,
        81.28680500493628
      ],
      [
        0,
        103.41703657471417
      ],
      [
        1,
        112.41703657471417
      ]
    ],
    "4": [
      [
        0,
        11.344264792013387
      ],
      [
        4,
        15.944264792013387
      ],
      [
        8,
        24.180981184068322
      ],
      [
        4,
        78.08096820993194
      ],
      [
        0,
        87.28096820993194
      ],
      [
        8,
        96.48096820993194
      ]
    ],
    "3": [
      [
        3,
        16.96548855917685
      ],
      [
        0,
        27.53386427073984
      ],
      [
        4,
        36.76099920857072
      ],
      [
        4,
        61.68335242059699
      ],
      [
        0,
        68.88335242059699
      ],
      [
        3,
        77.40599969976235
      ]
    ],
    "8": [
      [
        5,
        26.279339574987237
      ],
      [
        0,
        35.08899319034756
      ],
      [
        3,
        39.98899319034756
      ],
      [
        0,
        52.46588206135104
      ],
      [
        3,
        63.650870780154634
      ],
      [
        5,
        84.36044134001267
      ]
    ],
    "0": [
      [
        6,
        9.231298979789019
      ],
      [
        1,
        14.231298979789019
      ],
      [
        2,
        23.849726682784475
      ],
      [
        6,
        31.893896939367057
      ],
      [
        2,
        56.73707832215181
      ],
      [
        1,
        99.55092590734944
      ]
    ],
    "12": [
      [
        1,
        19.246948469683527
      ],
      [
        2,
        28.865376172678985
      ],
      [
        8,
        43.2214288322573
      ],
      [
        2,
        47.7214288322573
      ],
      [
        8,
        66.38573759492515
      ],
      [
        1,
        90.53527641745492
      ]
    ],
    "6": [
      [
        14,
        26.640736724261536
      ],
      [
        1,
        32.52729546645371
      ],
      [
        10,
        39.59971842678551
      ],
      [
        14,
        43.999718426785506
      ],
      [
        10,
        64.15492942068474
      ],
      [
        1,
        72.95492942068473
      ]
    ],
    "13": [
      [
        6,
        5.01564948989451
      ],
      [
        7,
        10.015649489894509
      ],
      [
        2,
        19.634077192889965
      ],
      [
        6,
        41.90954642926156
      ],
      [
        2,
        66.75272781204632
      ],
      [
        7,
        95.28926660700176
      ]
    ],
    "10": [
      [
        3,
        0.0
      ],
      [
        4,
        4.1
      ],
      [
        5,
        8.2
      ],
      [
        4,
        49.71646242347169
      ],
      [
        3,
        53.81646242347169
      ],
      [
        5,
        57.91646242347169
      ],
      [
        4,
        100.4688157251685
      ],
      [
        3,
        108.6688157251685
      ],
      [
        5,
        116.99571830077832
      ]
    ],
    "18": [
      [
        3,
        6.726980338305234
      ],
      [
        14,
        15.912543617183513
      ],
      [
        8,
        32.54235365769566
      ],
      [
        14,
        64.21648740418847
      ],
      [
        8,
        82.06481276948679
      ],
      [
        3,
        90.84450792063397
      ]
    ],
    "15": [
      [
        4,
        11.162448998923395
      ],
      [
        12,
        15.762448998923395
      ],
      [
        13,
        20.362448998923394
      ],
      [
        12,
        79.1063667262451
      ],
      [
        4,
        88.3063667262451
      ],
      [
        13,
        97.5063667262451
      ]
    ],
    "5": [
      [
        10,
        12.39954823948597
      ],
      [
        5,
        18.331795957803724
      ],
      [
        7,
        29.352144124945223
      ],
      [
        7,
        63.13803208511604
      ],
      [
        10,
        89.9639223429746
      ],
      [
        5,
        100.4639223429746
      ]
    ],
    "2": [
      [
        6,
        14.246948469683527
      ],
      [
        6,
        23.478247449472548
      ],
      [
        13,
        38.65314508515744
      ],
      [
        5,
        42.85314508515744
      ],
      [
        13,
        61.0470060406552
      ],
      [
        5,
        69.4470060406552
      ]
    ],
    "11": [
      [
        6,
        0
      ],
      [
        7,
        5
      ],
      [
        8,
        10
      ],
      [
        6,
        18.462597959578037
      ],
      [
        7,
        46.37008810503063
      ],
      [
        6,
        51.37008810503063
      ],
      [
        8,
        61.37008810503063
      ],
      [
        7,
        103.70491609689628
      ],
      [
        8,
        114.86194939400028
      ]
    ],
    "9": [
      [
        7,
        14.231298979789019
      ],
      [
        13,
        34.737495595262935
      ],
      [
        11,
        42.13878912524161
      ],
      [
        11,
        71.87361711710726
      ],
      [
        13,
        79.67361711710726
      ],
      [
        7,
        87.47361711710725
      ]
    ],
    "14": [
      [
        9,
        0.0
      ],
      [
        10,
        3.6
      ],
      [
        11,
        7.2
      ],
      [
        9,
        38.36232969342234
      ],
      [
        10,
        52.277323923735125
      ],
      [
        11,
        57.156203121174435
      ],
      [
        9,
        88.86155965355084
      ],
      [
        10,
        105.66347058246058
      ],
      [
        11,
        117.84713479905469
      ]
    ],
    "19": [
      [
        9,
        7.555128919607714
      ],
      [
        11,
        15.008831377206635
      ],
      [
        12,
        32.475576485377616
      ],
      [
        12,
        53.193239239790884
      ],
      [
        9,
        75.10643073394313
      ],
      [
        11,
        104.09200587944697
      ]
    ],
    "16": [
      [
        9,
        15.152672536791226
      ],
      [
        11,
        22.606374994390148
      ],
      [
        10,
        27.856374994390148
      ],
      [
        9,
        61.90888711675961
      ],
      [
        10,
        79.44827285308008
      ],
      [
        11,
        90.89446226226346
      ]
    ],
    "7": [
      [
        14,
        19.928193107078023
      ],
      [
        12,
        24.123821472550723
      ],
      [
        9,
        28.123821472550723
      ],
      [
        9,
        48.200837914293956
      ],
      [
        14,
        56.200837914293956
      ],
      [
        12,
        67.34499425261777
      ]
    ],
    "17": [
      [
        12,
        0.0
      ],
      [
        13,
        4.4
      ],
      [
        14,
        8.8
      ],
      [
        14,
        31.056386214156046
      ],
      [
        12,
        43.08440786258425
      ],
      [
        13,
        49.05577159740197
      ],
      [
        14,
        74.92903102137198
      ],
      [
        12,
        95.70158944629922
      ],
      [
        13,
        114.10158944629923
      ]
    ]
  },
  "ca-expected-time": 125.19571830077832,
  "ca-mb-per-node": {
    "0": 3,
    "1": 3,